congress,term,estimate,std.error,statistic,p.value,n,outcome,exposure
97,has_daughter,-0.04225158897279291,0.03917946763174634,-1.0784115131405536,0.2815885893640494,362,aauw_all,has_daughter
98,has_daughter,-0.027315135359623655,0.043915402814502486,-0.6219944167426192,0.5343447966848922,366,aauw_all,has_daughter
99,has_daughter,-0.06823808859141771,0.048155880406518026,-1.417025044820518,0.15736257367596032,361,aauw_all,has_daughter
100,has_daughter,-0.010350073481729224,0.06029593185383024,-0.17165459034317496,0.8638080072787258,361,aauw_all,has_daughter
101,has_daughter,-0.044848119903322874,0.05253150799791242,-0.8537375303428396,0.3938277575322924,364,aauw_all,has_daughter
102,has_daughter,-0.036510099453809404,0.06234599299151456,-0.5856045866296253,0.5585102298968518,368,aauw_all,has_daughter
103,has_daughter,-0.005161824951027434,0.056691010582127645,-0.09105191278164912,0.9275011527241637,377,aauw_all,has_daughter
104,has_daughter,-0.02350510292886581,0.06070778886349532,-0.3871843031825501,0.6988423782660449,381,aauw_all,has_daughter
105,has_daughter,0.06390503083914134,0.05767888306031917,1.1079450129488642,0.2685772478794728,397,aauw_all,has_daughter
106,has_daughter,0.045544907258855315,0.05380102962904582,0.8465434132559196,0.3977852738208304,390,aauw_all,has_daughter
107,has_daughter,0.10237949923464898,0.05686986761973854,1.8002415605960516,0.07261753466286298,391,aauw_all,has_daughter
108,has_daughter,0.0396204409629853,0.04668329566542531,0.8487070246055718,0.3965814738159259,391,aauw_all,has_daughter
109,has_daughter,0.02812636365729388,0.04231931264777165,0.664622412263468,0.5066983484469043,390,aauw_all,has_daughter
110,has_daughter,0.07404419508560872,0.04458533041452019,1.6607299844411294,0.09757760595971475,400,aauw_all,has_daughter
111,has_daughter,0.016985994161269568,0.05377318621905717,0.3158822334252856,0.7522657778055759,391,aauw_all,has_daughter
112,has_daughter,0.04872237646951652,0.055406603200546176,0.8793604670758131,0.379750139903719,400,aauw_all,has_daughter
113,has_daughter,0.006794859106860538,0.04408615695250359,0.1541268184065354,0.877589466956123,401,aauw_all,has_daughter
114,has_daughter,-0.024548877415594812,0.04262003672279366,-0.5759938119073887,0.5649550316142031,396,aauw_all,has_daughter
115,has_daughter,-0.020647341260813058,0.06214317888793792,-0.33225434601673937,0.7398780278091379,395,aauw_all,has_daughter
116,has_daughter,-0.003982275024789904,0.05406976949043919,-0.07365067508738064,0.9413288031308236,374,aauw_all,has_daughter
97,n_daughters,-0.03432948963800726,0.026653263291997274,-1.2880032460533566,0.1986030760734116,357,aauw_women_all,n_daughters
98,n_daughters,3.0968845769762434e-4,0.022791597954937542,0.013587834355007733,0.9891664432363891,366,aauw_women_all,n_daughters
99,n_daughters,-0.02526763474184284,0.028213024207421056,-0.8956017815061644,0.371081009167356,360,aauw_women_all,n_daughters
100,n_daughters,-0.004668699221368858,0.03168872404103405,-0.14732998448669982,0.8829566411037696,359,aauw_women_all,n_daughters
101,n_daughters,0.0156686178917514,0.029948522820223974,0.5231849993339411,0.6011775280104834,359,aauw_women_all,n_daughters
102,n_daughters,0.009624216413327223,0.02848183141809315,0.3379072178347849,0.7356311649344418,368,aauw_women_all,n_daughters
103,n_daughters,0.03762388327810264,0.027315415533063346,1.3773864517111825,0.16923452039473502,377,aauw_women_all,n_daughters
104,n_daughters,0.03660284998692589,0.02683445677954937,1.3640242576037926,0.1733890968107203,381,aauw_women_all,n_daughters
105,n_daughters,0.08904293225691337,0.025850787909832848,3.444495872524031,6.350644106849839e-4,397,aauw_women_all,n_daughters
106,n_daughters,0.04410162457004735,0.02374127730260412,1.857592749030818,0.06400431676148272,390,aauw_women_all,n_daughters
107,n_daughters,0.07177331995363131,0.025838951284889316,2.777717994909667,0.005746341007880604,391,aauw_women_all,n_daughters
108,n_daughters,0.02051555473338066,0.012350042908715294,1.6611727493596844,0.09751452224802692,388,aauw_women_all,n_daughters
109,n_daughters,0.03264740102584585,0.030031419584952666,1.0871081512977805,0.2776910022075446,386,aauw_women_all,n_daughters
110,n_daughters,0.04796531824447793,0.028873402634089915,1.6612284617901873,0.09748374474641575,397,aauw_women_all,n_daughters
111,n_daughters,0.0032717372913144914,0.028649471144798638,0.11419887211106447,0.9091415901988658,385,aauw_women_all,n_daughters
112,n_daughters,0.04358019811163494,0.024377149446172548,1.7877479156398024,0.07459699037352717,400,aauw_women_all,n_daughters
113,n_daughters,0.026855080541345916,0.02430693288547724,1.1048321344315362,0.269913474055222,401,aauw_women_all,n_daughters
114,n_daughters,0.007316163128154574,0.02452724412202713,0.29828720633086386,0.7656444674504459,396,aauw_women_all,n_daughters
115,n_daughters,-0.008358476011901908,0.029111421104407394,-0.28712016434802135,0.7741747794797924,395,aauw_women_all,n_daughters
116,n_daughters,-0.013271665412337796,0.031517357963432045,-0.4210906709799794,0.6739444164799926,364,aauw_women_all,n_daughters
97,n_daughters,-0.008064464280145707,0.013828767805565212,-0.5831657884153834,0.560147848509517,369,nominate_dim1,n_daughters
98,n_daughters,-0.0034236621170217973,0.01370648906266577,-0.24978403304952043,0.8028988430496597,366,nominate_dim1,n_daughters
99,n_daughters,-0.015541462714156629,0.014149649234890383,-1.0983638149724797,0.2727921349493452,364,nominate_dim1,n_daughters
100,n_daughters,-0.01433774906505452,0.014056005041701732,-1.0200443883249117,0.30840009304442956,366,nominate_dim1,n_daughters
101,n_daughters,-0.009912312914314107,0.01451188077240976,-0.6830481224156394,0.4950206988052481,366,nominate_dim1,n_daughters
102,n_daughters,0.0019961598309187357,0.014196307041915983,0.14061120438046873,0.8882553038696932,372,nominate_dim1,n_daughters
103,n_daughters,0.0013646791026683492,0.014472136630557356,0.09429700240577346,0.9249241371736097,382,nominate_dim1,n_daughters
104,n_daughters,0.013685161775093227,0.01573684858388636,0.8696253066262616,0.38506445815852497,384,nominate_dim1,n_daughters
105,n_daughters,0.031132270788859148,0.014877575966822211,2.092563389243367,0.03703900371922708,399,nominate_dim1,n_daughters
106,n_daughters,0.020658732373917715,0.014676953452464248,1.4075627098516914,0.16007805900351066,392,nominate_dim1,n_daughters
107,n_daughters,0.031623391080786524,0.014641572598853216,2.1598356916430816,0.03141026127013794,392,nominate_dim1,n_daughters
108,n_daughters,0.03484203303443217,0.0153133368782155,2.275273724566059,0.023448733467519727,391,nominate_dim1,n_daughters
109,n_daughters,0.021580202873373297,0.015558952509661649,1.3869958700608302,0.16625817319160818,392,nominate_dim1,n_daughters
110,n_daughters,0.024000273054612564,0.015425694048124263,1.5558634172140184,0.12055794659104375,400,nominate_dim1,n_daughters
111,n_daughters,0.005418523233485774,0.0156385946656399,0.3464840255365784,0.7291712678510577,391,nominate_dim1,n_daughters
112,n_daughters,0.021754615420801853,0.016034386643424235,1.3567475890774723,0.175650254821607,400,nominate_dim1,n_daughters
113,n_daughters,0.014960457994897114,0.01586019023772446,0.9432710308425383,0.3461262485357438,401,nominate_dim1,n_daughters
114,n_daughters,0.013139182767344226,0.015899812849654357,0.8263734228563486,0.4091027928316828,396,nominate_dim1,n_daughters
115,n_daughters,-0.0016313590767797735,0.01602850890908472,-0.10177859250869827,0.9189854039080613,395,nominate_dim1,n_daughters
116,n_daughters,-0.013746553788648147,0.016585788737433004,-0.8288151987383695,0.40775361972416424,373,nominate_dim1,n_daughters
