congress,washington_cohort,estimate,std_error,n
97,All,-0.006268668122212116,0.017667570956411936,362
98,All,-0.002558512874842794,0.01945064106449526,366
99,All,-0.02064114932218533,0.021488322616731313,361
100,All,9.029178894242179e-4,0.026285227355683546,361
101,All,1.2436123480251307e-4,0.022514324930204298,364
102,All,0.010395469744509866,0.0272255690462265,368
103,All,0.02128514669012751,0.025114143496635776,377
104,All,0.03194994383652125,0.02683047126618106,381
105,All,0.07735291313874174,0.025140505878239214,397
106,All,0.0402235738071602,0.02399541744557679,390
107,All,0.06910121746018562,0.02554230701638044,391
108,All,0.045166856384337394,0.02137961826125539,391
109,All,0.01878565096933878,0.019246033593452498,390
110,All,0.04565213648932071,0.020598062312511115,400
111,All,0.0024405072727423606,0.02477413765275753,391
112,All,0.04054612679705806,0.025642050080458813,400
113,All,0.029820380319952145,0.020741921301738967,401
114,All,0.006465882899903188,0.019905532622114416,396
115,All,-0.004137255556438356,0.028500053512162022,395
116,All,-0.008646093146111151,0.026389354928860857,374
97,Non-Washington,-0.029008271312808018,0.019788647574422207,290
97,Washington,0.09046688206785149,0.04002079071409608,72
98,Washington,0.08862854195748625,0.03657674909282317,98
98,Non-Washington,-0.042653080496640954,0.02342272233572534,268
99,Washington,0.06990691095710637,0.03962246357771342,109
99,Non-Washington,-0.07149538994657038,0.026049360813502856,252
100,Washington,0.06548904490135161,0.04457523206642843,133
100,Non-Washington,-0.059358654780263025,0.034011526846586745,228
101,Washington,0.08928587197670683,0.034735102525340567,158
101,Non-Washington,-0.0844388477624624,0.030293142124806174,206
102,Washington,0.09602271897863653,0.03826373519185805,184
102,Non-Washington,-0.09864159032773075,0.04047230886971726,184
103,Washington,0.05574433561551009,0.0300919905027059,261
103,Non-Washington,-0.05516669230253621,0.04786599382522454,116
104,Washington,0.0627392480079106,0.029060066968575403,321
104,Non-Washington,-0.10031684928365865,0.07692196347659401,60
105,Washington,0.07735291313874174,0.025140505878239214,397
106,Washington,0.0402235738071602,0.02399541744557679,390
107,Washington,0.06910121746018562,0.02554230701638044,391
108,Washington,0.045166856384337394,0.02137961826125539,391
109,Washington,0.03472534078359496,0.02033496033663812,353
109,Non-Washington,-0.12111152657066512,0.0669358583818153,37
110,Washington,0.07364670267739674,0.02279761260382461,308
110,Non-Washington,-0.04808308570543031,0.04994810788495843,92
111,Washington,0.027572243374613427,0.031267857665223275,253
111,Non-Washington,-0.038360659113981434,0.04332183296606464,138
112,Washington,0.0555371114841026,0.03628881591775405,211
112,Non-Washington,0.02575589133991075,0.03419073213375461,189
113,Non-Washington,0.021448292582581793,0.02768467227434862,236
113,Washington,0.03608003314898425,0.031646276313822164,165
114,Non-Washington,-0.015296347219368412,0.024404820296456558,264
114,Washington,0.01827582119840894,0.034407135159896934,132
115,Non-Washington,-0.027592198851546214,0.03384743059014306,285
115,Washington,0.035991102395869966,0.05315799464433425,110
116,Non-Washington,-0.027618753893245213,0.0303529240119443,293
116,Washington,0.07231596486022576,0.05273712308854317,81
